Designator,Footprint,Quantity,Value,LCSC Part #
"Bolt1, Bolt10, Bolt4, Bolt5, Bolt6, Bolt8, Bolt9",M3 BOLT,7,M3_BOLT,
"C1, C2",0402,2,30p,
"C10, C11, C12, C13, C3, C5, C7, C8, C9",0402,9,100n,
"C14, C16",0805,2,22uF,
"C15, C17",0805,2,0.1uF,
C18,0603,1,100n,
"C4, C6",0402,2,1u,
"D1, D10, D11, D12, D13, D14, D15, D16, D17, D18, D19, D2, D21, D22, D23, D24, D26, D27, D28, D29, D3, D30, D31, D32, D33, D34, D36, D37, D38, D39, D4, D41, D42, D43, D44, D46, D47, D48, D49, D5, D50, D51, D52, D53, D54, D55, D56, D57, D58, D6, D60, D61, D62, D64, D66, D67, D68, D7, D70, D8, D9",D_MiniMELF,61,LL4148,
D71,0805,1,LED,
"J1, J3",PinHeader_1x02_P2.54mm_Vertical,2,Conn_01x02,
"J2, J5",Molex_CLIK-Mate_502494-0470_1x04-1MP_P2.00mm_Horizontal,2,Conn_01x04_MountingPin,
J4,Molex_CLIK-Mate_502494-0270_1x02-1MP_P2.00mm_Horizontal,1,Conn_01x02_MountingPin,
J6,Molex_CLIK-Mate_502443-0670_1x06-1MP_P2.00mm_Vertical,1,Conn_01x06,
"R1, R11, R12, R13, R14, R16, R17, R18, R19, R2, R20, R21, R4, R5, R6, R7, R8",0603,17,10K,
"R10, R9",0402,2,27.4,
R15,0603,1,1k,
R22,0603,1,3.3K,
R3,0402,1,1k,
"S1, S10, S11, S12, S13, S14, S15, S16, S17, S18, S19, S2, S21, S22, S23, S24, S26, S27, S28, S29, S3, S30, S31, S32, S33, S34, S36, S37, S38, S39, S4, S41, S42, S43, S44, S46, S47, S48, S49, S5, S50, S51, S52, S53, S54, S55, S56, S57, S58, S6, S60, S61, S62, S64, S66, S67, S68, S7, S70, S8, S9",SW_Hotswap_Kailh_MX_plated_1.00u,61,Cherry_MX,
U1,QFN40P700X700X90-57N,1,RP2040,
U2,SOT-223-3_TabPin2,1,AMS1117-3.3,
U3,SOIC-8_5.23x5.23mm_P1.27mm,1,W25Q128JVS,
"U4, U6, U7, U8",Stabilizer_Cherry_MX_2.00u,4,2U卫星轴,
U5,Stabilizer_Cherry_MX_6.25u,1,6.25u卫星轴,
U9,Molex_CLIK-Mate_502494-0470_1x04-1MP_P2.00mm_Horizontal,1,Oled_0.96_4P,
Y1,Crystal_SMD_HC49-SD,1,Crystal,
